d,Company Name,[UNK] 000 000 A : Name De [UNK] 0000000 ( 000 ##0 Wo s 00 ' s [UNK] 00 000 . 00 . Inst RA H 00 ##TH Name this invoice ##ad
d,Ji ##ro Do ##i,"##s M 0 ##0 ##L ##TO ##voi ##i 000 - 00 ##mb 0 000 0 000 [UNK] [UNK] ##es temp 000 000 [UNK] ##tot , 000 % $ 000 . CAD"
d,[UNK],"##IC B TO ##L PA ##Y ##ney ##d 0000 : 00 $ & [UNK] [UNK] SU 000 ##X % ##erm and [UNK] [UNK] the is [UNK] [UNK] accept [UNK] , the [UNK] . 000 com , [UNK]"
d,,##vs ##cs ] ##er [UNK] [UNK] ##IP ##nta Cam Au ##kir ##ess ##er ##sio Pos Quant ##vic 000 { 0000 Date : ##t [UNK] Vo ##par ##y : [ fe Pay : ##ank Name [UNK] : ##nk ##r
d,Ltd . Robot ##ic Over ##lord ##s,000 0000 0000 ##a ##aa - ##00
d,Ltd . Robot ##ic Over ##lord ##s,Bonn Street It 000 D Bp ##00 - 000 ##f
d,SE Ad ##esso,000 000 ##q Q
d,E ##O ##OD Ad ##esso Bulgaria,"000 0 , ##em Price Ad Cologne H 00 . 000 000 K ##k ##c ##k ##g Description ##vn ##nc ##d ##mt ##c ##kna ##b ##dah ##d ##b ##c"
d,O ##OD Tarzan,"##l , , Bulgaria 000 - 00 ##gt ##x M ##y"
d,AI N ##W ##O,"- Total 000 0 0 , ( Bet ##im ##vs ##v ##y ##c ##0 - ##00"
d,E ##O ##OD Ad ##esso Bulgaria,"Bill bu ##a 0 000 Price ##OD , Total D ##k - 0"
d,E ##O ##OD Ad ##esso ##ku,. Ghana Bulgaria F ##f Ad ##jn ##c ##k ##f ##fy ##j Wi
