d,000 . 00,[UNK] VI ##A ##ING [UNK]
d,"$ 0 , 000 . 00",[UNK] ##oun [UNK] ##ons 00
d,$ 000,Ter [UNK] the . [UNK] com
d,000 . 00,[ 0 Nu Name ##e t ##c [ ##r
d,"000 , 000",H ##head ##000
d,"000 , 000",00
d,"000 , 000",", Su ##ei ##gd ##wl ##ce"
d,"000 , 000","000 0 000 , 0000 ##ic ##m ##ium ##nap ##b f - - 000"
d,"000 , 000","##a , 0 ##j ##c ##j ##pm ##ym -"
d,"000 , 000","Bonn 0 , . 000 0 000 000 Price . 00000000 ##c ##wy ##f ##q ##h -"
d,"000 , 000",: ) - ##ef - ##0
d,"000 , 000",bu ##l In ##voi ##f ##xo ##w ##b ##w -
