d,A ##000,"00 De Company Street Street ) æ [UNK] ##TE SH ##IP [UNK] ##ER ##S ##ON . ##P ##L [UNK] - . s . M [UNK] ' - s 00 Re SU ##IP ##P ##L [UNK] YOU TO ##L For Name ) 0000 , com"
d,00,"Co , ##H ##H B In ##ce 00 0 . / S . 0 . AD B In [UNK] ##ment re ##t Due 0 , . _ [UNK] [UNK] com [UNK] [UNK] Down . . Sub ##oun due"
d,# 0000,# ##NT ##OR ##MA [UNK] 0000 [UNK] Pay [UNK] g . com Account $ 00 $ ##ms ##B TO ##TA TA / VA : 0 [UNK] and [UNK] payment . 000 ##o @ [UNK] . 000 [UNK] 00000
d,,0 0 0 ] v ##de Ser Disco ##un ##s ##M ##ont ##ar pay [UNK] to [UNK] ##mit Business [UNK] [UNK] . ##our ] . ##nt you
d,000 ##a ##000 ##d - 00 ##aa - 00 ##a ##0 - 0 ##f ##00 - b ##0 ##d ##00 ##ee ##ff ##f ##00,SE Su . ) ##s ##f ##d ##d
d,00000 ##b ##00 - 000 ##f - 0 ##ac ##0 - a ##000 - 00 ##dd ##c ##000 ##ede ##e,Bill : The 0 ##ov Ltd 0 000 0 ##v Description ##f ##w ##ph ##wd - ##ede
d,00 ##bea ##d ##00 - b ##0 ##d ##0 - 0000 - 00 ##ef - 000 ##d ##0 ##d ##00 ##f ##0 ##ec,"Sofia The 0 , 000 , , 000 000 000 000 , 000 000 , Total London : In ##l ##w ##kor ##py ##q . ##w 00 ##ovy ##uk Incorporated"
d,000 ##ab ##00 ##d - f ##0 ##e ##0 - 0000 - 000 ##f - a ##00 ##e ##00 ##f ##b ##0 ##d ##0 ##c,"View 0 , 0 , 000 0 000 000 000 ##lp ##d R P ##p ##ys ##v ##e"
d,00000 ##c ##d ##0 - 00 ##d ##0 - 00 ##fe - b ##000 - 0 ##b ##000 ##000 ##aa ##00,SE 0 000 000 . ##voi ##ce ##p ##w
d,000 ##c ##00 ##b ##0 - d ##d ##0 ##d - 00 ##b ##0 - ae ##00 - 0 ##ce ##00 ##d ##0 ##f ##00 ##af,"Unit 0 000 0 000 , , ##dn"
d,00 ##dea ##ef ##0 - 0 ##b ##00 - 00 ##d ##0 - b ##00 ##b - b ##000 ##e ##00 ##c ##000 ##0,", 0 ##R USD - 000 Ad ##ra ##esso ##j ##b"
d,0 ##a ##000 ##ea ##0 - 0000 - 0 ##da ##0 - 0000 - ed ##000 ##c ##00 ##be ##f ##0,"0 0 , , 0 000 ##m 000 000 0 000 , , , 000 Su USD ##O ##OD . , ##zi ##j ##j ##q ##zou ##gg ##q W ##p D"
