d,Company Name,Name Name
d,[UNK] ##pik ##e Design ##s Co .,[UNK] 00 Am Up [UNK] $
d,[UNK] [UNK] [UNK],
d,[ Company Name ],] [ ] ##c ##nic
d,SE Zero Over ##head Industries,Zero T In Parkway ##g 000 00
d,AI N ##W ##O,"T Q Boris T , 0 N 00 - 000 ##b 0"
d,O 0 Nota ##tion Incorporated,"0 , Ghana 000000 Anzahl K Nota ##h ##bb ##js ##j ##s F ##ph ##h ##h"
d,Ltd . Robot ##ic Over ##lord ##s,000 London - ##s ##ug ##m ##v ##pp ##my ##0
d,SE Ad ##esso,". 0 Essen , 000 It ##em ##m Ulf ##bl ##de ##b ##k N Nr ##cs ##di ##lo ##n ##x ##v ##z ##z ##rvo"
d,Ltd . Robot ##ic Over ##lord ##s,", ##R ##O ) 00 ##q ##j"
d,O ##OD Tarzan,It 0 000 ( England C ##gs ##v ##ny ##bis ##b -
d,SE Ad ##esso,"##ei , 00000 ##bl ##f ##lb ##yw ##esso ##st ##f ##p ##mt L ##v Description Pr ##f ##x ##gau ##x ##x"
