d,"000 [UNK] Street [UNK] , [UNK] 00000",##P 00 AT 000 ary [UNK] [UNK] / ##ru ##TA TA ##X
d,"000 [UNK] Ave , [UNK]",##00 ##voi @ 000
d,"000 [UNK] Street [UNK] , [UNK] 00000",##ing : ##L
d,],##we City :
d,View Berlin Bulgaria Parkway Mountain H ##AL - 0000,0 EU It In Ghana ##voi Anzahl - 00 ##ic ##p ##rm ##ba 00 ##a 0 ##f ##00
d,T Boris ##zar T - 0000 Pl ##ov ##di ##v Deutschland,"Unit , Price , 000 000 ##O Total ( . 00000 000 ##bs ##f ##b Over ##s ##ac ##0 a ##000 00 ##c ##000 ##e"
d,The Street Ghana 000000 London,", 0 000 0 0 0 0 , 000 000 000 Street ##voi ##fy ##tri ##ut ##odd ##hu ##dn ##efe ##q ##gal ##vs ##k ##hz . ##mm ##uv ##nh ##uj ##gr ##xe b 0000 ##ef - ##0 ##00 ##0 ##ec"
d,bu ##l . ##a Maria Ghana Cologne H ##AL - 0000,"##l 0 0 000 , 0 , , 000 0 , , 000 Total E ##O In ##voi : ( ##R Mountain ##AL 00 ##x ##p ##k ##gr ##ttu Q ##tr ##q ##j ##wl ##on ##nu ##0 0000 ##f a ##00 ##0"
d,bu ##l . Bulgaria 000000 Dortmund Deutschland,"##l . 0 0 , 000 Type 000 0 0 0 0 , ##voi O ##OD ##ce : Price Su Total USD Dortmund In ##lc ##qi ##b ##mm ##vad ##q 0 ##aa"
d,The Bonn Street Ghana 00000000,"The , 000 000 , 0 , 000 000 ##m EU Single Dortmund 000 ##voi . ##ce 000 Robot ##zs U ##x Over ##lom ##b ##0 ##b ##0 - ae ##ce ##0 ##00 ##af"
d,The Street England Dortmund H ##AL - 0000,"Su 0 , 000 Single ) E Bulgaria ##ce . 000 ##b Bulgaria 00 ##d ##0 - b ##00 ##000 ##c ##000"
d,bu ##l . Berlin Ghana Bulgaria D - 00000,##l Berlin 0 ##em - T - E 00 ##fr ##x ##ut ##x ##rs ##jno ##n ##bh ##yy ##n ##x ##q ##gye ##x ##aa ##ms ##hz ##w ##bu ##kr ##z ##x ##mou ##ef ##u ##hs ##w ##p ##000 - - - 0000 ed ##00 ##f
