d,00 / 00 / 00,##S [UNK] [UNK] ) : ##N [UNK] [UNK] 000 TO . [UNK] [UNK] 00 O [UNK]
d,0000 - 00 - 00,##pik Design Ave Do P . 0000 West ##P Due [UNK] [UNK] 00 $ 0 $
d,,IN : ##rti R . @ $ [UNK] [UNK] [UNK] make ##bor
d,0 ##st May 0000,[UNK] [ [UNK] Custom [UNK] [ 00 000 ##s Com ] . ] [ ] [UNK] U
d,00 . 00 . 0000,##em
d,00 . 00 . 0000,- Deutschland Robot
d,00 . 00 . 0000,##f ##k ##q
d,00 . 00 . 0000,X C
d,00 . 00 . 0000,##d
d,00 . 00 . 0000,Bill 000 000 0000 ##f 000
d,00 . 00 . 0000,Street H
d,00 . 00 . 0000,) ##y ##fi ##s ##yd
