d,"000 [UNK] Street [UNK] , [UNK] 00000",[UNK] 0000 [UNK] 0000 - 00 00 to your
d,"0000 B ##lo ##or Street West [UNK] ,","Design : ##ce , , M Am 0000 ##oun 00 00 , 00 . ##ons 00 00 Inc [UNK] 00"
d,0000 [UNK] ##rti ##s R ##d . New [UNK] 0000,##E [UNK] [UNK] ##L to TO ##TA
d,[ Custom ##er [UNK],0000 ##cs Am . ##vic ##L
d,bu ##l . Berlin T Ghana - 0000 Bulgaria,", 000 000 Bulgaria Name 000 , . Industries Robot ##c ##umm ##eo ##0 - b ##0 ##ee ##ff"
d,The Bonn Street Bulgaria D - 00000,##ty Pl 0 Price USD Total . EU ##R D ##dh ##q ##lord - ##dd
d,bu ##l . Sofia 000000 Bulgaria,"0 , 0 , 000 , Price ##em ##m ( USD ##ce ##mt ##tav ##k ##s ##z ##d ##00 ##0"
d,View T - 000 London Germany Parkway Mountain,"0 0 0 , Count Bulgaria . Bd ##w ##zn ##q - ##00 ##d"
d,bu Luiz ##l . ##a Maria Essen Ghana D - 00000,"0 , , 000 000000 ) 00 000 000 ##f Ad ##esso ##p K D ##x ##f ##y ##wg 00000 ##0 - ##d ##0 00 ##000 ##b ##000 ##000"
d,View T - 000 Bulgaria Parkway Dortmund Mountain,0 N ##W EU ) Mountain 00 ##dy ##s ##jd ##d
d,bu ##l . Luiz ##a Maria Berlin Bulgaria D - 00000,"The . It Luiz O , 0 Maria Berlin EU Tarzan 00 0000 , 0000"
d,bu ##l . Luiz ##a T England - Cologne 0000,##ce . 0000 ##sc ##pi ##ib ##yu ##g ##d ##j ##je ##h ##b ##p ##s ##jr ##q ##v L ##f ##cq ##hz ##u
